{
    "version": 2,
    "waiters": {
      "ServiceInstanceUpdateComplete": {
        "delay": 30,
        "operation": "GetServiceInstance",
        "maxAttempts": 120,
        "acceptors": [
          {
            "expected": "FAILED",
            "matcher": "path",
            "state": "failure",
            "argument": "serviceInstance.deploymentStatus"
          },
          {
            "expected": "SUCCEEDED",
            "matcher": "path",
            "state": "success",
            "argument": "serviceInstance.deploymentStatus"
          }
        ]
      },
      "ServicePipelineUpdateComplete": {
        "delay": 30,
        "operation": "GetService",
        "maxAttempts": 120,
        "acceptors": [
          {
            "expected": "FAILED",
            "matcher": "path",
            "state": "failure",
            "argument": "service.pipelineDeploymentStatus"
          },
          {
            "expected": "SUCCEEDED",
            "matcher": "path",
            "state": "success",
            "argument": "service.pipelineDeploymentStatus"
          }
        ]
      },
      "EnvironmentTemplateRegistrationComplete": {
        "delay": 5,
        "operation": "GetEnvironmentTemplateMinorVersion",
        "maxAttempts": 120,
        "acceptors": [
          {
            "expected": "REGISTRATION_FAILED",
            "matcher": "path",
            "state": "failure",
            "argument": "environmentTemplateMinorVersion.status"
          },
          {
            "expected": "DRAFT",
            "matcher": "path",
            "state": "success",
            "argument": "environmentTemplateMinorVersion.status"
          }
        ]
      },
      "ServiceTemplateRegistrationComplete": {
        "delay": 5,
        "operation": "GetServiceTemplateMinorVersion",
        "maxAttempts": 120,
        "acceptors": [
          {
            "expected": "REGISTRATION_FAILED",
            "matcher": "path",
            "state": "failure",
            "argument": "serviceTemplateMinorVersion.status"
          },
          {
            "expected": "DRAFT",
            "matcher": "path",
            "state": "success",
            "argument": "serviceTemplateMinorVersion.status"
          }
        ]
      },
      "ServiceCreationComplete": {
        "delay": 30,
        "operation": "GetService",
        "maxAttempts": 120,
        "acceptors": [
          {
            "expected": "CREATE_FAILED_CLEANUP_COMPLETE",
            "matcher": "path",
            "state": "failure",
            "argument": "service.status"
          },
          {
            "expected": "CREATE_FAILED_CLEANUP_FAILED",
            "matcher": "path",
            "state": "failure",
            "argument": "service.status"
          },
          {
            "expected": "CREATE_FAILED",
            "matcher": "path",
            "state": "failure",
            "argument": "service.status"
          },
          {
            "expected": "ACTIVE",
            "matcher": "path",
            "state": "success",
            "argument": "service.status"
          }
        ]
      },
      "EnvironmentDeploymentComplete": {
        "delay": 30,
        "operation": "GetEnvironment",
        "maxAttempts": 120,
        "acceptors": [
          {
            "expected": "FAILED",
            "matcher": "path",
            "state": "failure",
            "argument": "environment.deploymentStatus"
          },
          {
            "expected": "SUCCEEDED",
            "matcher": "path",
            "state": "success",
            "argument": "environment.deploymentStatus"
          }
        ]
      }
    }
  }
